{"train/loss": 1.7382, "train/grad_norm": 0.8814754486083984, "train/learning_rate": 0.00027785115820601276, "train/epoch": 1.4420407427438255, "train/global_step": 2000, "_timestamp": 1748888463.195221, "_runtime": 2240.1564679145813, "_step": 6, "eval/loss": 1.5923773050308228, "eval/bleu": 26.23087670248401, "eval/runtime": 440.9076, "eval/samples_per_second": 5.593, "eval/steps_per_second": 1.399, "_wandb": {"runtime": 2379}}