{"train/loss": 1.5492, "train/grad_norm": 0.8077172040939331, "train/learning_rate": 8.451303885045238e-06, "train/epoch": 14.979091564527758, "train/global_step": 10395, "_timestamp": 1748894303.5467, "_runtime": 5575.994517087936, "_step": 30, "eval/loss": 1.448865532875061, "eval/bleu": 29.69421685180015, "eval/runtime": 155.7215, "eval/samples_per_second": 15.836, "eval/steps_per_second": 0.995, "train_runtime": 5576.7773, "train_samples_per_second": 59.68, "train_steps_per_second": 1.864, "total_flos": 9.04840228110336e+16, "train_loss": 1.6917015438988094, "_wandb": {"runtime": 5576}}