{"train/loss": 2.3282, "train/grad_norm": 1.1369856595993042, "train/learning_rate": 7.229377328366153e-05, "train/epoch": 10.086517664023072, "train/global_step": 7000, "_timestamp": 1748899072.6573184, "_runtime": 3967.6515922546387, "_step": 20, "eval/loss": 2.1188292503356934, "eval/bleu": 16.65624428582616, "eval/runtime": 173.3144, "eval/samples_per_second": 14.228, "eval/steps_per_second": 0.894}